{
    "key": "group_5e3c4d93ca1a0",
    "title": "Blocks General Settings (DO NOT DELETE)",
    "fields": [
        {
            "key": "field_5e8482762bb57",
            "label": "Block Settings",
            "name": "",
            "type": "tab",
            "instructions": "",
            "required": 0,
            "conditional_logic": 0,
            "wrapper": {
                "width": "",
                "class": "",
                "id": ""
            },
            "placement": "top",
            "endpoint": 0
        },
        {
            "key": "field_5e3c4f16509c2",
            "label": "",
            "name": "section_settings",
            "type": "group",
            "instructions": "",
            "required": 0,
            "conditional_logic": 0,
            "wrapper": {
                "width": "",
                "class": "",
                "id": ""
            },
            "layout": "block",
            "sub_fields": [
                {
                    "key": "field_60f42ce0fc538",
                    "label": "Is Has Grain Effect",
                    "name": "is_has_grain_effect",
                    "type": "true_false",
                    "instructions": "",
                    "required": 0,
                    "conditional_logic": 0,
                    "wrapper": {
                        "width": "",
                        "class": "",
                        "id": ""
                    },
                    "message": "",
                    "default_value": 0,
                    "ui": 1,
                    "ui_on_text": "",
                    "ui_off_text": ""
                },
                {
                    "key": "field_5f9afa5e0a660",
                    "label": "Desktop",
                    "name": "",
                    "type": "accordion",
                    "instructions": "",
                    "required": 0,
                    "conditional_logic": 0,
                    "wrapper": {
                        "width": "",
                        "class": "",
                        "id": ""
                    },
                    "open": 0,
                    "multi_expand": 0,
                    "endpoint": 0
                },
                {
                    "key": "field_5f9afa7c0a663",
                    "label": "Settings",
                    "name": "settings",
                    "type": "group",
                    "instructions": "",
                    "required": 0,
                    "conditional_logic": 0,
                    "wrapper": {
                        "width": "",
                        "class": "",
                        "id": ""
                    },
                    "layout": "block",
                    "sub_fields": [
                        {
                            "key": "field_5e5048740b975",
                            "label": "Background Image",
                            "name": "background_image",
                            "type": "image",
                            "instructions": "",
                            "required": 0,
                            "conditional_logic": 0,
                            "wrapper": {
                                "width": "50",
                                "class": "",
                                "id": ""
                            },
                            "return_format": "array",
                            "preview_size": "medium",
                            "library": "all",
                            "min_width": "",
                            "min_height": "",
                            "min_size": "",
                            "max_width": "",
                            "max_height": "",
                            "max_size": "",
                            "mime_types": ""
                        },
                        {
                            "key": "field_5e961b61d5e72",
                            "label": "Background Color",
                            "name": "background_color",
                            "type": "extended-color-picker",
                            "instructions": "",
                            "required": 0,
                            "conditional_logic": 0,
                            "wrapper": {
                                "width": "50",
                                "class": "",
                                "id": ""
                            },
                            "default_value": "",
                            "color_palette": "",
                            "hide_palette": 0
                        },
                        {
                            "key": "field_5e961b3cd5e71",
                            "label": "Overlay Color",
                            "name": "overlay_color",
                            "type": "extended-color-picker",
                            "instructions": "",
                            "required": 0,
                            "conditional_logic": 0,
                            "wrapper": {
                                "width": "50",
                                "class": "",
                                "id": ""
                            },
                            "default_value": "",
                            "color_palette": "",
                            "hide_palette": 0
                        },
                        {
                            "key": "field_5e3c4da453c26",
                            "label": "Padding Top",
                            "name": "padding_top",
                            "type": "number",
                            "instructions": "999 = keep theme default.",
                            "required": 1,
                            "conditional_logic": 0,
                            "wrapper": {
                                "width": "33.33",
                                "class": "",
                                "id": ""
                            },
                            "default_value": 999,
                            "placeholder": "",
                            "prepend": "",
                            "append": "",
                            "min": "",
                            "max": "",
                            "step": ""
                        },
                        {
                            "key": "field_5f9afad10a665",
                            "label": "Padding Left",
                            "name": "padding_left",
                            "type": "number",
                            "instructions": "999 = keep theme default.",
                            "required": 1,
                            "conditional_logic": 0,
                            "wrapper": {
                                "width": "33.33",
                                "class": "",
                                "id": ""
                            },
                            "default_value": 999,
                            "placeholder": "",
                            "prepend": "",
                            "append": "",
                            "min": "",
                            "max": "",
                            "step": ""
                        },
                        {
                            "key": "field_5f9afad90a666",
                            "label": "Padding Right",
                            "name": "padding_right",
                            "type": "number",
                            "instructions": "999 = keep theme default.",
                            "required": 1,
                            "conditional_logic": 0,
                            "wrapper": {
                                "width": "33.33",
                                "class": "",
                                "id": ""
                            },
                            "default_value": 999,
                            "placeholder": "",
                            "prepend": "",
                            "append": "",
                            "min": "",
                            "max": "",
                            "step": ""
                        },
                        {
                            "key": "field_5e3c4db753c27",
                            "label": "Padding Bottom",
                            "name": "padding_bottom",
                            "type": "number",
                            "instructions": "999 = keep theme default.",
                            "required": 1,
                            "conditional_logic": 0,
                            "wrapper": {
                                "width": "33.33",
                                "class": "",
                                "id": ""
                            },
                            "default_value": 999,
                            "placeholder": "",
                            "prepend": "",
                            "append": "",
                            "min": "",
                            "max": "",
                            "step": ""
                        },
                        {
                            "key": "field_5e961de9ece4c",
                            "label": "Margin Top",
                            "name": "margin_top",
                            "type": "number",
                            "instructions": "999 = keep theme default.",
                            "required": 1,
                            "conditional_logic": 0,
                            "wrapper": {
                                "width": "33.33",
                                "class": "",
                                "id": ""
                            },
                            "default_value": 999,
                            "placeholder": "",
                            "prepend": "",
                            "append": "",
                            "min": "",
                            "max": "",
                            "step": ""
                        },
                        {
                            "key": "field_5f9afae00a667",
                            "label": "Margin Left",
                            "name": "margin_left",
                            "type": "number",
                            "instructions": "999 = keep theme default.",
                            "required": 1,
                            "conditional_logic": 0,
                            "wrapper": {
                                "width": "33.33",
                                "class": "",
                                "id": ""
                            },
                            "default_value": 999,
                            "placeholder": "",
                            "prepend": "",
                            "append": "",
                            "min": "",
                            "max": "",
                            "step": ""
                        },
                        {
                            "key": "field_5f9afae60a668",
                            "label": "Margin Right",
                            "name": "margin_right",
                            "type": "number",
                            "instructions": "999 = keep theme default.",
                            "required": 1,
                            "conditional_logic": 0,
                            "wrapper": {
                                "width": "33.33",
                                "class": "",
                                "id": ""
                            },
                            "default_value": 999,
                            "placeholder": "",
                            "prepend": "",
                            "append": "",
                            "min": "",
                            "max": "",
                            "step": ""
                        },
                        {
                            "key": "field_5e961ddcece4b",
                            "label": "Margin Bottom",
                            "name": "margin_bottom",
                            "type": "number",
                            "instructions": "999 = keep theme default.",
                            "required": 1,
                            "conditional_logic": 0,
                            "wrapper": {
                                "width": "33.33",
                                "class": "",
                                "id": ""
                            },
                            "default_value": 999,
                            "placeholder": "",
                            "prepend": "",
                            "append": "",
                            "min": "",
                            "max": "",
                            "step": ""
                        }
                    ]
                },
                {
                    "key": "field_5f9afa680a662",
                    "label": "End Desktop",
                    "name": "",
                    "type": "accordion",
                    "instructions": "",
                    "required": 0,
                    "conditional_logic": 0,
                    "wrapper": {
                        "width": "",
                        "class": "",
                        "id": ""
                    },
                    "open": 0,
                    "multi_expand": 0,
                    "endpoint": 1
                },
                {
                    "key": "field_5f9afa2a0a65b",
                    "label": "Tablet",
                    "name": "",
                    "type": "accordion",
                    "instructions": "",
                    "required": 0,
                    "conditional_logic": 0,
                    "wrapper": {
                        "width": "",
                        "class": "",
                        "id": ""
                    },
                    "open": 0,
                    "multi_expand": 0,
                    "endpoint": 0
                },
                {
                    "key": "field_5f9afd53a65e9",
                    "label": "Settings Tablet",
                    "name": "settings_tablet",
                    "type": "clone",
                    "instructions": "",
                    "required": 0,
                    "conditional_logic": 0,
                    "wrapper": {
                        "width": "",
                        "class": "",
                        "id": ""
                    },
                    "clone": [
                        "field_5f9afa7c0a663"
                    ],
                    "display": "group",
                    "layout": "block",
                    "prefix_label": 1,
                    "prefix_name": 1
                },
                {
                    "key": "field_5f9afa3e0a65c",
                    "label": "End Tablet",
                    "name": "",
                    "type": "accordion",
                    "instructions": "",
                    "required": 0,
                    "conditional_logic": 0,
                    "wrapper": {
                        "width": "",
                        "class": "",
                        "id": ""
                    },
                    "open": 0,
                    "multi_expand": 0,
                    "endpoint": 1
                },
                {
                    "key": "field_5f9afa460a65d",
                    "label": "Mobile",
                    "name": "",
                    "type": "accordion",
                    "instructions": "",
                    "required": 0,
                    "conditional_logic": 0,
                    "wrapper": {
                        "width": "",
                        "class": "",
                        "id": ""
                    },
                    "open": 0,
                    "multi_expand": 0,
                    "endpoint": 0
                },
                {
                    "key": "field_5f9aff6aed01f",
                    "label": "Settings Mobile",
                    "name": "settings_mobile",
                    "type": "clone",
                    "instructions": "",
                    "required": 0,
                    "conditional_logic": 0,
                    "wrapper": {
                        "width": "",
                        "class": "",
                        "id": ""
                    },
                    "clone": [
                        "field_5f9afa7c0a663"
                    ],
                    "display": "group",
                    "layout": "block",
                    "prefix_label": 1,
                    "prefix_name": 1
                },
                {
                    "key": "field_5f9afa490a65e",
                    "label": "End Mobile",
                    "name": "",
                    "type": "accordion",
                    "instructions": "",
                    "required": 0,
                    "conditional_logic": 0,
                    "wrapper": {
                        "width": "",
                        "class": "",
                        "id": ""
                    },
                    "open": 0,
                    "multi_expand": 0,
                    "endpoint": 1
                }
            ]
        },
        {
            "key": "field_606707aefedbd",
            "label": "Close",
            "name": "",
            "type": "accordion",
            "instructions": "",
            "required": 0,
            "conditional_logic": 0,
            "wrapper": {
                "width": "",
                "class": "",
                "id": ""
            },
            "open": 0,
            "multi_expand": 0,
            "endpoint": 1
        }
    ],
    "location": [
        [
            {
                "param": "block",
                "operator": "==",
                "value": "all"
            }
        ]
    ],
    "menu_order": 5,
    "position": "side",
    "style": "seamless",
    "label_placement": "left",
    "instruction_placement": "label",
    "hide_on_screen": "",
    "active": true,
    "description": "",
    "modified": 1626615035
}